<?xml version="1.0" encoding="UTF-8"?>
<!DOCTYPE mapper PUBLIC "-//mybatis.org//DTD Mapper 3.0//EN" "http://mybatis.org/dtd/mybatis-3-mapper.dtd">
<mapper namespace="club.javafan.blog.repository.AdminUserMapper">
  <resultMap id="BaseResultMap" type="club.javafan.blog.domain.AdminUser">
    <!--@mbg.generated-->
    <!--@Table tb_admin_user-->
    <id column="admin_user_id" jdbcType="INTEGER" property="adminUserId" />
    <result column="login_user_name" jdbcType="VARCHAR" property="loginUserName" />
    <result column="login_password" jdbcType="VARCHAR" property="loginPassword" />
    <result column="nick_name" jdbcType="VARCHAR" property="nickName" />
    <result column="locked" jdbcType="TINYINT" property="locked" />
  </resultMap>
  <sql id="Example_Where_Clause">
    <!--@mbg.generated-->
    <where>
      <foreach collection="oredCriteria" item="criteria" separator="or">
        <if test="criteria.valid">
          <trim prefix="(" prefixOverrides="and" suffix=")">
            <foreach collection="criteria.criteria" item="criterion">
              <choose>
                <when test="criterion.noValue">
                  and ${criterion.condition}
                </when>
                <when test="criterion.singleValue">
                  and ${criterion.condition} #{criterion.value}
                </when>
                <when test="criterion.betweenValue">
                  and ${criterion.condition} #{criterion.value} and #{criterion.secondValue}
                </when>
                <when test="criterion.listValue">
                  and ${criterion.condition}
                  <foreach close=")" collection="criterion.value" item="listItem" open="(" separator=",">
                    #{listItem}
                  </foreach>
                </when>
              </choose>
            </foreach>
          </trim>
        </if>
      </foreach>
    </where>
  </sql>
  <sql id="Update_By_Example_Where_Clause">
    <!--@mbg.generated-->
    <where>
      <foreach collection="example.oredCriteria" item="criteria" separator="or">
        <if test="criteria.valid">
          <trim prefix="(" prefixOverrides="and" suffix=")">
            <foreach collection="criteria.criteria" item="criterion">
              <choose>
                <when test="criterion.noValue">
                  and ${criterion.condition}
                </when>
                <when test="criterion.singleValue">
                  and ${criterion.condition} #{criterion.value}
                </when>
                <when test="criterion.betweenValue">
                  and ${criterion.condition} #{criterion.value} and #{criterion.secondValue}
                </when>
                <when test="criterion.listValue">
                  and ${criterion.condition}
                  <foreach close=")" collection="criterion.value" item="listItem" open="(" separator=",">
                    #{listItem}
                  </foreach>
                </when>
              </choose>
            </foreach>
          </trim>
        </if>
      </foreach>
    </where>
  </sql>
  <sql id="Base_Column_List">
    <!--@mbg.generated-->
    admin_user_id, login_user_name, login_password, nick_name, locked
  </sql>
  <select id="selectByExample" parameterType="club.javafan.blog.domain.example.AdminUserExample" resultMap="BaseResultMap">
    <!--@mbg.generated-->
    select
    <if test="distinct">
      distinct
    </if>
    <include refid="Base_Column_List" />
    from tb_admin_user
    <if test="_parameter != null">
      <include refid="Example_Where_Clause" />
    </if>
    <if test="orderByClause != null">
      order by ${orderByClause}
    </if>
  </select>
  <select id="selectByPrimaryKey" parameterType="java.lang.Integer" resultMap="BaseResultMap">
    <!--@mbg.generated-->
    select 
    <include refid="Base_Column_List" />
    from tb_admin_user
    where admin_user_id = #{adminUserId,jdbcType=INTEGER}
  </select>
  <delete id="deleteByPrimaryKey" parameterType="java.lang.Integer">
    <!--@mbg.generated-->
    delete from tb_admin_user
    where admin_user_id = #{adminUserId,jdbcType=INTEGER}
  </delete>
  <delete id="deleteByExample" parameterType="club.javafan.blog.domain.example.AdminUserExample">
    <!--@mbg.generated-->
    delete from tb_admin_user
    <if test="_parameter != null">
      <include refid="Example_Where_Clause" />
    </if>
  </delete>
  <insert id="insert" keyColumn="admin_user_id" keyProperty="adminUserId" parameterType="club.javafan.blog.domain.AdminUser" useGeneratedKeys="true">
    <!--@mbg.generated-->
    insert into tb_admin_user (login_user_name, login_password, nick_name, 
      locked)
    values (#{loginUserName,jdbcType=VARCHAR}, #{loginPassword,jdbcType=VARCHAR}, #{nickName,jdbcType=VARCHAR}, 
      #{locked,jdbcType=TINYINT})
  </insert>
  <insert id="insertSelective" keyColumn="admin_user_id" keyProperty="adminUserId" parameterType="club.javafan.blog.domain.AdminUser" useGeneratedKeys="true">
    <!--@mbg.generated-->
    insert into tb_admin_user
    <trim prefix="(" suffix=")" suffixOverrides=",">
      <if test="loginUserName != null">
        login_user_name,
      </if>
      <if test="loginPassword != null">
        login_password,
      </if>
      <if test="nickName != null">
        nick_name,
      </if>
      <if test="locked != null">
        locked,
      </if>
    </trim>
    <trim prefix="values (" suffix=")" suffixOverrides=",">
      <if test="loginUserName != null">
        #{loginUserName,jdbcType=VARCHAR},
      </if>
      <if test="loginPassword != null">
        #{loginPassword,jdbcType=VARCHAR},
      </if>
      <if test="nickName != null">
        #{nickName,jdbcType=VARCHAR},
      </if>
      <if test="locked != null">
        #{locked,jdbcType=TINYINT},
      </if>
    </trim>
  </insert>
  <select id="countByExample" parameterType="club.javafan.blog.domain.example.AdminUserExample" resultType="java.lang.Long">
    <!--@mbg.generated-->
    select count(*) from tb_admin_user
    <if test="_parameter != null">
      <include refid="Example_Where_Clause" />
    </if>
  </select>
  <update id="updateByExampleSelective" parameterType="map">
    <!--@mbg.generated-->
    update tb_admin_user
    <set>
      <if test="record.adminUserId != null">
        admin_user_id = #{record.adminUserId,jdbcType=INTEGER},
      </if>
      <if test="record.loginUserName != null">
        login_user_name = #{record.loginUserName,jdbcType=VARCHAR},
      </if>
      <if test="record.loginPassword != null">
        login_password = #{record.loginPassword,jdbcType=VARCHAR},
      </if>
      <if test="record.nickName != null">
        nick_name = #{record.nickName,jdbcType=VARCHAR},
      </if>
      <if test="record.locked != null">
        locked = #{record.locked,jdbcType=TINYINT},
      </if>
    </set>
    <if test="_parameter != null">
      <include refid="Update_By_Example_Where_Clause" />
    </if>
  </update>
  <update id="updateByExample" parameterType="map">
    <!--@mbg.generated-->
    update tb_admin_user
    set admin_user_id = #{record.adminUserId,jdbcType=INTEGER},
      login_user_name = #{record.loginUserName,jdbcType=VARCHAR},
      login_password = #{record.loginPassword,jdbcType=VARCHAR},
      nick_name = #{record.nickName,jdbcType=VARCHAR},
      locked = #{record.locked,jdbcType=TINYINT}
    <if test="_parameter != null">
      <include refid="Update_By_Example_Where_Clause" />
    </if>
  </update>
  <update id="updateByPrimaryKeySelective" parameterType="club.javafan.blog.domain.AdminUser">
    <!--@mbg.generated-->
    update tb_admin_user
    <set>
      <if test="loginUserName != null">
        login_user_name = #{loginUserName,jdbcType=VARCHAR},
      </if>
      <if test="loginPassword != null">
        login_password = #{loginPassword,jdbcType=VARCHAR},
      </if>
      <if test="nickName != null">
        nick_name = #{nickName,jdbcType=VARCHAR},
      </if>
      <if test="locked != null">
        locked = #{locked,jdbcType=TINYINT},
      </if>
    </set>
    where admin_user_id = #{adminUserId,jdbcType=INTEGER}
  </update>
  <update id="updateByPrimaryKey" parameterType="club.javafan.blog.domain.AdminUser">
    <!--@mbg.generated-->
    update tb_admin_user
    set login_user_name = #{loginUserName,jdbcType=VARCHAR},
      login_password = #{loginPassword,jdbcType=VARCHAR},
      nick_name = #{nickName,jdbcType=VARCHAR},
      locked = #{locked,jdbcType=TINYINT}
    where admin_user_id = #{adminUserId,jdbcType=INTEGER}
  </update>
</mapper>