<?xml version="1.0" encoding="UTF-8"?>
<!DOCTYPE mapper PUBLIC "-//mybatis.org//DTD Mapper 3.0//EN" "http://mybatis.org/dtd/mybatis-3-mapper.dtd">
<mapper namespace="club.javafan.blog.repository.BlogCategoryMapper">
  <resultMap id="BaseResultMap" type="club.javafan.blog.domain.BlogCategory">
    <!--@mbg.generated-->
    <!--@Table tb_blog_category-->
    <id column="category_id" jdbcType="INTEGER" property="categoryId" />
    <result column="category_name" jdbcType="VARCHAR" property="categoryName" />
    <result column="category_icon" jdbcType="VARCHAR" property="categoryIcon" />
    <result column="category_rank" jdbcType="INTEGER" property="categoryRank" />
    <result column="is_deleted" jdbcType="TINYINT" property="isDeleted" />
    <result column="create_time" jdbcType="TIMESTAMP" property="createTime" />
  </resultMap>
  <sql id="Example_Where_Clause">
    <!--@mbg.generated-->
    <where>
      <foreach collection="oredCriteria" item="criteria" separator="or">
        <if test="criteria.valid">
          <trim prefix="(" prefixOverrides="and" suffix=")">
            <foreach collection="criteria.criteria" item="criterion">
              <choose>
                <when test="criterion.noValue">
                  and ${criterion.condition}
                </when>
                <when test="criterion.singleValue">
                  and ${criterion.condition} #{criterion.value}
                </when>
                <when test="criterion.betweenValue">
                  and ${criterion.condition} #{criterion.value} and #{criterion.secondValue}
                </when>
                <when test="criterion.listValue">
                  and ${criterion.condition}
                  <foreach close=")" collection="criterion.value" item="listItem" open="(" separator=",">
                    #{listItem}
                  </foreach>
                </when>
              </choose>
            </foreach>
          </trim>
        </if>
      </foreach>
    </where>
  </sql>
  <sql id="Update_By_Example_Where_Clause">
    <!--@mbg.generated-->
    <where>
      <foreach collection="example.oredCriteria" item="criteria" separator="or">
        <if test="criteria.valid">
          <trim prefix="(" prefixOverrides="and" suffix=")">
            <foreach collection="criteria.criteria" item="criterion">
              <choose>
                <when test="criterion.noValue">
                  and ${criterion.condition}
                </when>
                <when test="criterion.singleValue">
                  and ${criterion.condition} #{criterion.value}
                </when>
                <when test="criterion.betweenValue">
                  and ${criterion.condition} #{criterion.value} and #{criterion.secondValue}
                </when>
                <when test="criterion.listValue">
                  and ${criterion.condition}
                  <foreach close=")" collection="criterion.value" item="listItem" open="(" separator=",">
                    #{listItem}
                  </foreach>
                </when>
              </choose>
            </foreach>
          </trim>
        </if>
      </foreach>
    </where>
  </sql>
  <sql id="Base_Column_List">
    <!--@mbg.generated-->
    category_id, category_name, category_icon, category_rank, is_deleted, create_time
  </sql>
  <select id="selectByExample" parameterType="club.javafan.blog.domain.example.BlogCategoryExample" resultMap="BaseResultMap">
    <!--@mbg.generated-->
    select
    <if test="distinct">
      distinct
    </if>
    <include refid="Base_Column_List" />
    from tb_blog_category
    <if test="_parameter != null">
      <include refid="Example_Where_Clause" />
    </if>
    <if test="orderByClause != null">
      order by ${orderByClause}
    </if>
  </select>
  <select id="selectByPrimaryKey" parameterType="java.lang.Integer" resultMap="BaseResultMap">
    <!--@mbg.generated-->
    select 
    <include refid="Base_Column_List" />
    from tb_blog_category
    where category_id = #{categoryId,jdbcType=INTEGER}
  </select>
  <delete id="deleteByPrimaryKey" parameterType="java.lang.Integer">
    <!--@mbg.generated-->
    delete from tb_blog_category
    where category_id = #{categoryId,jdbcType=INTEGER}
  </delete>
  <delete id="deleteByExample" parameterType="club.javafan.blog.domain.example.BlogCategoryExample">
    <!--@mbg.generated-->
    delete from tb_blog_category
    <if test="_parameter != null">
      <include refid="Example_Where_Clause" />
    </if>
  </delete>
  <insert id="insert" keyColumn="category_id" keyProperty="categoryId" parameterType="club.javafan.blog.domain.BlogCategory" useGeneratedKeys="true">
    <!--@mbg.generated-->
    insert into tb_blog_category (category_name, category_icon, category_rank, 
      is_deleted, create_time)
    values (#{categoryName,jdbcType=VARCHAR}, #{categoryIcon,jdbcType=VARCHAR}, #{categoryRank,jdbcType=INTEGER}, 
      #{isDeleted,jdbcType=TINYINT}, #{createTime,jdbcType=TIMESTAMP})
  </insert>
  <insert id="insertSelective" keyColumn="category_id" keyProperty="categoryId" parameterType="club.javafan.blog.domain.BlogCategory" useGeneratedKeys="true">
    <!--@mbg.generated-->
    insert into tb_blog_category
    <trim prefix="(" suffix=")" suffixOverrides=",">
      <if test="categoryName != null">
        category_name,
      </if>
      <if test="categoryIcon != null">
        category_icon,
      </if>
      <if test="categoryRank != null">
        category_rank,
      </if>
      <if test="isDeleted != null">
        is_deleted,
      </if>
      <if test="createTime != null">
        create_time,
      </if>
    </trim>
    <trim prefix="values (" suffix=")" suffixOverrides=",">
      <if test="categoryName != null">
        #{categoryName,jdbcType=VARCHAR},
      </if>
      <if test="categoryIcon != null">
        #{categoryIcon,jdbcType=VARCHAR},
      </if>
      <if test="categoryRank != null">
        #{categoryRank,jdbcType=INTEGER},
      </if>
      <if test="isDeleted != null">
        #{isDeleted,jdbcType=TINYINT},
      </if>
      <if test="createTime != null">
        #{createTime,jdbcType=TIMESTAMP},
      </if>
    </trim>
  </insert>
  <select id="countByExample" parameterType="club.javafan.blog.domain.example.BlogCategoryExample" resultType="java.lang.Long">
    <!--@mbg.generated-->
    select count(*) from tb_blog_category
    <if test="_parameter != null">
      <include refid="Example_Where_Clause" />
    </if>
  </select>
  <update id="updateByExampleSelective" parameterType="map">
    <!--@mbg.generated-->
    update tb_blog_category
    <set>
      <if test="record.categoryId != null">
        category_id = #{record.categoryId,jdbcType=INTEGER},
      </if>
      <if test="record.categoryName != null">
        category_name = #{record.categoryName,jdbcType=VARCHAR},
      </if>
      <if test="record.categoryIcon != null">
        category_icon = #{record.categoryIcon,jdbcType=VARCHAR},
      </if>
      <if test="record.categoryRank != null">
        category_rank = #{record.categoryRank,jdbcType=INTEGER},
      </if>
      <if test="record.isDeleted != null">
        is_deleted = #{record.isDeleted,jdbcType=TINYINT},
      </if>
      <if test="record.createTime != null">
        create_time = #{record.createTime,jdbcType=TIMESTAMP},
      </if>
    </set>
    <if test="_parameter != null">
      <include refid="Update_By_Example_Where_Clause" />
    </if>
  </update>
  <update id="updateByExample" parameterType="map">
    <!--@mbg.generated-->
    update tb_blog_category
    set category_id = #{record.categoryId,jdbcType=INTEGER},
      category_name = #{record.categoryName,jdbcType=VARCHAR},
      category_icon = #{record.categoryIcon,jdbcType=VARCHAR},
      category_rank = #{record.categoryRank,jdbcType=INTEGER},
      is_deleted = #{record.isDeleted,jdbcType=TINYINT},
      create_time = #{record.createTime,jdbcType=TIMESTAMP}
    <if test="_parameter != null">
      <include refid="Update_By_Example_Where_Clause" />
    </if>
  </update>
  <update id="updateByPrimaryKeySelective" parameterType="club.javafan.blog.domain.BlogCategory">
    <!--@mbg.generated-->
    update tb_blog_category
    <set>
      <if test="categoryName != null">
        category_name = #{categoryName,jdbcType=VARCHAR},
      </if>
      <if test="categoryIcon != null">
        category_icon = #{categoryIcon,jdbcType=VARCHAR},
      </if>
      <if test="categoryRank != null">
        category_rank = #{categoryRank,jdbcType=INTEGER},
      </if>
      <if test="isDeleted != null">
        is_deleted = #{isDeleted,jdbcType=TINYINT},
      </if>
      <if test="createTime != null">
        create_time = #{createTime,jdbcType=TIMESTAMP},
      </if>
    </set>
    where category_id = #{categoryId,jdbcType=INTEGER}
  </update>
  <update id="updateByPrimaryKey" parameterType="club.javafan.blog.domain.BlogCategory">
    <!--@mbg.generated-->
    update tb_blog_category
    set category_name = #{categoryName,jdbcType=VARCHAR},
      category_icon = #{categoryIcon,jdbcType=VARCHAR},
      category_rank = #{categoryRank,jdbcType=INTEGER},
      is_deleted = #{isDeleted,jdbcType=TINYINT},
      create_time = #{createTime,jdbcType=TIMESTAMP}
    where category_id = #{categoryId,jdbcType=INTEGER}
  </update>
  <select id="selectByCategoryIds" resultMap="BaseResultMap">
    select
    <include refid="Base_Column_List"/>
    from tb_blog_category
    where category_id IN
    <foreach collection="categoryIds" item="item" index="index"
             open="(" separator="," close=")">#{item}
    </foreach>
    AND is_deleted = 0
  </select>
  <select id="findCategoryList" parameterType="Map" resultMap="BaseResultMap">
    select
    <include refid="Base_Column_List"/>
    from tb_blog_category
    where is_deleted=0
    order by category_rank desc,create_time desc
    <if test="start!=null and limit!=null">
      limit #{start},#{limit}
    </if>
  </select>
  <select id="getTotalCategories" parameterType="Map" resultType="int">
    select count(*)  from tb_blog_category
    where is_deleted=0
  </select>
  <update id="deleteBatch">
    update tb_blog
    set is_deleted=1 where blog_id in
    <foreach item="id" collection="array" open="(" separator="," close=")">
      #{id}
    </foreach>
  </update>
</mapper>