<?xml version="1.0" encoding="UTF-8"?>
<!DOCTYPE mapper PUBLIC "-//mybatis.org//DTD Mapper 3.0//EN" "http://mybatis.org/dtd/mybatis-3-mapper.dtd">
<mapper namespace="club.javafan.blog.repository.ConfigMapper">
  <resultMap id="BaseResultMap" type="club.javafan.blog.domain.Config">
    <!--@mbg.generated-->
    <!--@Table tb_config-->
    <id column="config_name" jdbcType="VARCHAR" property="configName" />
    <result column="config_value" jdbcType="VARCHAR" property="configValue" />
    <result column="create_time" jdbcType="TIMESTAMP" property="createTime" />
    <result column="update_time" jdbcType="TIMESTAMP" property="updateTime" />
  </resultMap>
  <sql id="Example_Where_Clause">
    <!--@mbg.generated-->
    <where>
      <foreach collection="oredCriteria" item="criteria" separator="or">
        <if test="criteria.valid">
          <trim prefix="(" prefixOverrides="and" suffix=")">
            <foreach collection="criteria.criteria" item="criterion">
              <choose>
                <when test="criterion.noValue">
                  and ${criterion.condition}
                </when>
                <when test="criterion.singleValue">
                  and ${criterion.condition} #{criterion.value}
                </when>
                <when test="criterion.betweenValue">
                  and ${criterion.condition} #{criterion.value} and #{criterion.secondValue}
                </when>
                <when test="criterion.listValue">
                  and ${criterion.condition}
                  <foreach close=")" collection="criterion.value" item="listItem" open="(" separator=",">
                    #{listItem}
                  </foreach>
                </when>
              </choose>
            </foreach>
          </trim>
        </if>
      </foreach>
    </where>
  </sql>
  <sql id="Update_By_Example_Where_Clause">
    <!--@mbg.generated-->
    <where>
      <foreach collection="example.oredCriteria" item="criteria" separator="or">
        <if test="criteria.valid">
          <trim prefix="(" prefixOverrides="and" suffix=")">
            <foreach collection="criteria.criteria" item="criterion">
              <choose>
                <when test="criterion.noValue">
                  and ${criterion.condition}
                </when>
                <when test="criterion.singleValue">
                  and ${criterion.condition} #{criterion.value}
                </when>
                <when test="criterion.betweenValue">
                  and ${criterion.condition} #{criterion.value} and #{criterion.secondValue}
                </when>
                <when test="criterion.listValue">
                  and ${criterion.condition}
                  <foreach close=")" collection="criterion.value" item="listItem" open="(" separator=",">
                    #{listItem}
                  </foreach>
                </when>
              </choose>
            </foreach>
          </trim>
        </if>
      </foreach>
    </where>
  </sql>
  <sql id="Base_Column_List">
    <!--@mbg.generated-->
    config_name, config_value, create_time, update_time
  </sql>
  <select id="selectByExample" parameterType="club.javafan.blog.domain.example.ConfigExample" resultMap="BaseResultMap">
    <!--@mbg.generated-->
    select
    <if test="distinct">
      distinct
    </if>
    <include refid="Base_Column_List" />
    from tb_config
    <if test="_parameter != null">
      <include refid="Example_Where_Clause" />
    </if>
    <if test="orderByClause != null">
      order by ${orderByClause}
    </if>
  </select>
  <select id="selectByPrimaryKey" parameterType="java.lang.String" resultMap="BaseResultMap">
    <!--@mbg.generated-->
    select 
    <include refid="Base_Column_List" />
    from tb_config
    where config_name = #{configName,jdbcType=VARCHAR}
  </select>
  <delete id="deleteByPrimaryKey" parameterType="java.lang.String">
    <!--@mbg.generated-->
    delete from tb_config
    where config_name = #{configName,jdbcType=VARCHAR}
  </delete>
  <delete id="deleteByExample" parameterType="club.javafan.blog.domain.example.ConfigExample">
    <!--@mbg.generated-->
    delete from tb_config
    <if test="_parameter != null">
      <include refid="Example_Where_Clause" />
    </if>
  </delete>
  <insert id="insert" parameterType="club.javafan.blog.domain.Config">
    <!--@mbg.generated-->
    insert into tb_config (config_name, config_value, create_time, 
      update_time)
    values (#{configName,jdbcType=VARCHAR}, #{configValue,jdbcType=VARCHAR}, #{createTime,jdbcType=TIMESTAMP}, 
      #{updateTime,jdbcType=TIMESTAMP})
  </insert>
  <insert id="insertSelective" parameterType="club.javafan.blog.domain.Config">
    <!--@mbg.generated-->
    insert into tb_config
    <trim prefix="(" suffix=")" suffixOverrides=",">
      <if test="configName != null">
        config_name,
      </if>
      <if test="configValue != null">
        config_value,
      </if>
      <if test="createTime != null">
        create_time,
      </if>
      <if test="updateTime != null">
        update_time,
      </if>
    </trim>
    <trim prefix="values (" suffix=")" suffixOverrides=",">
      <if test="configName != null">
        #{configName,jdbcType=VARCHAR},
      </if>
      <if test="configValue != null">
        #{configValue,jdbcType=VARCHAR},
      </if>
      <if test="createTime != null">
        #{createTime,jdbcType=TIMESTAMP},
      </if>
      <if test="updateTime != null">
        #{updateTime,jdbcType=TIMESTAMP},
      </if>
    </trim>
  </insert>
  <select id="countByExample" parameterType="club.javafan.blog.domain.example.ConfigExample" resultType="java.lang.Long">
    <!--@mbg.generated-->
    select count(*) from tb_config
    <if test="_parameter != null">
      <include refid="Example_Where_Clause" />
    </if>
  </select>
  <update id="updateByExampleSelective" parameterType="map">
    <!--@mbg.generated-->
    update tb_config
    <set>
      <if test="record.configName != null">
        config_name = #{record.configName,jdbcType=VARCHAR},
      </if>
      <if test="record.configValue != null">
        config_value = #{record.configValue,jdbcType=VARCHAR},
      </if>
      <if test="record.createTime != null">
        create_time = #{record.createTime,jdbcType=TIMESTAMP},
      </if>
      <if test="record.updateTime != null">
        update_time = #{record.updateTime,jdbcType=TIMESTAMP},
      </if>
    </set>
    <if test="_parameter != null">
      <include refid="Update_By_Example_Where_Clause" />
    </if>
  </update>
  <update id="updateByExample" parameterType="map">
    <!--@mbg.generated-->
    update tb_config
    set config_name = #{record.configName,jdbcType=VARCHAR},
      config_value = #{record.configValue,jdbcType=VARCHAR},
      create_time = #{record.createTime,jdbcType=TIMESTAMP},
      update_time = #{record.updateTime,jdbcType=TIMESTAMP}
    <if test="_parameter != null">
      <include refid="Update_By_Example_Where_Clause" />
    </if>
  </update>
  <update id="updateByPrimaryKeySelective" parameterType="club.javafan.blog.domain.Config">
    <!--@mbg.generated-->
    update tb_config
    <set>
      <if test="configValue != null">
        config_value = #{configValue,jdbcType=VARCHAR},
      </if>
      <if test="createTime != null">
        create_time = #{createTime,jdbcType=TIMESTAMP},
      </if>
      <if test="updateTime != null">
        update_time = #{updateTime,jdbcType=TIMESTAMP},
      </if>
    </set>
    where config_name = #{configName,jdbcType=VARCHAR}
  </update>
  <update id="updateByPrimaryKey" parameterType="club.javafan.blog.domain.Config">
    <!--@mbg.generated-->
    update tb_config
    set config_value = #{configValue,jdbcType=VARCHAR},
      create_time = #{createTime,jdbcType=TIMESTAMP},
      update_time = #{updateTime,jdbcType=TIMESTAMP}
    where config_name = #{configName,jdbcType=VARCHAR}
  </update>
</mapper>